{"xAxis":30.100000381469728,"yAxis":0.07999987155199051,"zAxis":374.3999938964844,"hp":0,"bullet":0}